<?xml version="1.0"?>
<pnp:Provisioning xmlns:pnp="http://schemas.dev.office.com/PnP/2016/05/ProvisioningSchema">
  <pnp:Preferences Generator="OfficeDevPnP.Core, Version=2.13.1703.0, Culture=neutral, PublicKeyToken=3751622786b357c2" />
  <pnp:Templates ID="CONTAINER-TEMPLATE-11704D6BF6354ED7B773BD2B85D1884C">
    <pnp:ProvisioningTemplate ID="TEMPLATE-11704D6BF6354ED7B773BD2B85D1884C" Version="1" BaseSiteTemplate="STS#0">      
      <pnp:SiteFields>
        <Field ID="{d0daee08-bc33-42cf-9001-e11701d88a1d}" Name="EmSubject" DisplayName="Email Subject" StaticName="EmSubject" SourceID="http://schemas.microsoft.com/sharepoint/v3/fields" Type="Text" Group="OnePlace Solutions" Hidden="FALSE" ReadOnly="FALSE" Sealed="FALSE" ShowInEditForm="FALSE" ShowInNewForm="FALSE" />
        <Field ID="{f5a75012-e2c3-4284-a601-e5cb9257ac67}" Name="EmCategory" DisplayName="Email Category" StaticName="EmCategory" SourceID="http://schemas.microsoft.com/sharepoint/v3/fields" Type="Text" Group="OnePlace Solutions" Hidden="FALSE" ReadOnly="FALSE" Sealed="FALSE" ShowInEditForm="FALSE" ShowInNewForm="FALSE" />
        <Field ID="{61382513-ef18-4d37-a2c9-1fda65154992}" Name="EmDate" DisplayName="Email Date" StaticName="EmDate" SourceID="http://schemas.microsoft.com/sharepoint/v3/fields" Type="DateTime" Format="DateTime" Group="OnePlace Solutions" Hidden="FALSE" ReadOnly="FALSE" Sealed="FALSE" ShowInEditForm="FALSE" ShowInNewForm="FALSE" />
        <Field ID="{2e92bd1a-a6dd-4f73-8f49-0e95bed790f0}" Name="EmID" DisplayName="Email ID" StaticName="EmID" SourceID="http://schemas.microsoft.com/sharepoint/v3/fields" Type="Text" Group="OnePlace Solutions" Hidden="FALSE" ReadOnly="FALSE" Sealed="FALSE" ShowInEditForm="FALSE" ShowInNewForm="FALSE" />
        <Field ID="{2dcba024-dbc4-4e55-bcac-c5a85f4ed798}" Name="EmFrom" DisplayName="Email From" StaticName="EmFrom" SourceID="http://schemas.microsoft.com/sharepoint/v3/fields" Type="Text" Group="OnePlace Solutions" Hidden="FALSE" ReadOnly="FALSE" Sealed="FALSE" ShowInEditForm="FALSE" ShowInNewForm="FALSE" />
        <Field ID="{710d0e40-3a77-4a1c-ab25-0e2e8d8ecc86}" Name="EmBCC" DisplayName="Email BCC" StaticName="EmBCC" SourceID="http://schemas.microsoft.com/sharepoint/v3/fields" Type="Note" Group="OnePlace Solutions" Hidden="FALSE" ReadOnly="FALSE" ShowInEditForm="FALSE" ShowInNewForm="FALSE" RichText="FALSE" UnlimitedLengthInDocumentLibrary="TRUE" />
        <Field ID="{0d7c8741-0e35-4bb4-98f0-a77d08f1d35f}" Name="EmCompanies" DisplayName="Email Companies" StaticName="EmCompanies" SourceID="http://schemas.microsoft.com/sharepoint/v3/fields" Type="Text" Group="OnePlace Solutions" Hidden="FALSE" ReadOnly="FALSE" Sealed="FALSE" ShowInEditForm="FALSE" ShowInNewForm="FALSE" UnlimitedLengthInDocumentLibrary="TRUE" />
        <Field ID="{bdef0d44-e938-405a-995e-09d4cf4e8448}" Name="EmReceivedByName" DisplayName="Email Received By Name" StaticName="EmReceivedByName" SourceID="http://schemas.microsoft.com/sharepoint/v3/fields" Type="Text" Group="OnePlace Solutions" Hidden="FALSE" ReadOnly="FALSE" Sealed="FALSE" ShowInEditForm="FALSE" ShowInNewForm="FALSE" UnlimitedLengthInDocumentLibrary="TRUE" />
        <Field ID="{9e37a94c-4a52-411e-88b7-44a1ba8755a2}" Name="EmRetentionPolicyName" DisplayName="Email Retention Policy Name" StaticName="EmRetentionPolicyName" SourceID="http://schemas.microsoft.com/sharepoint/v3/fields" Type="Text" Group="OnePlace Solutions" Hidden="FALSE" ReadOnly="FALSE" Sealed="FALSE" ShowInEditForm="FALSE" ShowInNewForm="FALSE" UnlimitedLengthInDocumentLibrary="TRUE" />
        <Field ID="{768ec850-826d-41bf-8ce8-f128d6020c29}" Name="EmBody" DisplayName="Email Body" StaticName="EmBody" SourceID="http://schemas.microsoft.com/sharepoint/v3/fields" Type="Note" Group="OnePlace Solutions" Hidden="FALSE" ReadOnly="FALSE" RichText="FALSE" ShowInEditForm="FALSE" ShowInNewForm="FALSE" UnlimitedLengthInDocumentLibrary="TRUE" />
        <Field ID="{f69cfd5c-7463-4a2a-84d7-d963b6246363}" Name="EmHasAttachments" DisplayName="Email Has Attachments" StaticName="EmHasAttachments" SourceID="http://schemas.microsoft.com/sharepoint/v3/fields" Type="Boolean" Group="OnePlace Solutions" Hidden="FALSE" ReadOnly="FALSE" Sealed="FALSE" ShowInEditForm="FALSE" ShowInNewForm="FALSE" UnlimitedLengthInDocumentLibrary="TRUE" />
        <Field ID="{aace2e63-3f0e-4643-8d99-a393c81c4b36}" Name="EmTo" DisplayName="Email To" StaticName="EmTo" SourceID="http://schemas.microsoft.com/sharepoint/v3/fields" Type="Note" Group="OnePlace Solutions" Hidden="FALSE" ReadOnly="FALSE" RichText="FALSE" ShowInEditForm="FALSE" ShowInNewForm="FALSE" UnlimitedLengthInDocumentLibrary="TRUE" />
        <Field ID="{c18c1469-afe1-48b4-bc35-c71134e18e41}" Name="EmReplyRecipients" DisplayName="Email Reply Recipients" StaticName="EmReplyRecipients" SourceID="http://schemas.microsoft.com/sharepoint/v3/fields" Type="Text" Group="OnePlace Solutions" Hidden="FALSE" ReadOnly="FALSE" Sealed="FALSE" ShowInEditForm="FALSE" ShowInNewForm="FALSE" UnlimitedLengthInDocumentLibrary="TRUE" />
        <Field ID="{0990556f-f8f8-49b8-abe2-26f302b01857}" Name="EmImportance" DisplayName="Email Importance" StaticName="EmImportance" SourceID="http://schemas.microsoft.com/sharepoint/v3/fields" Type="Number" Group="OnePlace Solutions" Hidden="FALSE" ReadOnly="FALSE" Sealed="FALSE" ShowInEditForm="FALSE" ShowInNewForm="FALSE" />
        <Field ID="{c603e672-1099-431d-bfe1-78639446f47c}" Name="EmCon" DisplayName="Email Conversation" StaticName="EmCon" SourceID="http://schemas.microsoft.com/sharepoint/v3/fields" Type="Text" Group="OnePlace Solutions" Hidden="FALSE" ReadOnly="FALSE" Sealed="FALSE" ShowInEditForm="FALSE" ShowInNewForm="FALSE" />        
        <Field ID="{4ecb7f73-bcdb-4aad-977b-7d23748debc9}" Name="EmFromName" DisplayName="Email From Name" StaticName="EmFromName" SourceID="http://schemas.microsoft.com/sharepoint/v3/fields" Type="Text" Group="OnePlace Solutions" Hidden="FALSE" ReadOnly="FALSE" Sealed="FALSE" ShowInEditForm="FALSE" ShowInNewForm="FALSE" />
        <Field ID="{91bc4e74-fd76-40dc-8409-cd2a765b804c}" Name="EmAttachmentNames" DisplayName="Email Attachment Names" StaticName="EmAttachmentNames" SourceID="http://schemas.microsoft.com/sharepoint/v3/fields" Type="Note" Group="OnePlace Solutions" Hidden="FALSE" ReadOnly="FALSE" Sealed="FALSE" ShowInEditForm="FALSE" ShowInNewForm="FALSE" UnlimitedLengthInDocumentLibrary="TRUE" />
        <Field ID="{fbd17979-b273-4ee6-a77c-5ed5b20333e3}" Name="EmCCSMTPAddress" DisplayName="Email CC SMTP Address" StaticName="EmCCSMTPAddress" SourceID="http://schemas.microsoft.com/sharepoint/v3/fields" Type="Note" Group="OnePlace Solutions" Hidden="FALSE" ReadOnly="FALSE" Sealed="FALSE" ShowInEditForm="FALSE" ShowInNewForm="FALSE" UnlimitedLengthInDocumentLibrary="TRUE" />
        <Field ID="{682c307a-1014-49d5-a30b-24df79f5ffb9}" Name="EmDateSent" DisplayName="Email Date Sent" StaticName="EmDateSent" SourceID="http://schemas.microsoft.com/sharepoint/v3/fields" Type="DateTime" Format="DateTime" Group="OnePlace Solutions" Hidden="FALSE" ReadOnly="FALSE" Sealed="FALSE" ShowInEditForm="FALSE" ShowInNewForm="FALSE" />
        <Field ID="{5dcc0987-bc07-4a24-81ef-db549091efd9}" Name="EmReplyRecipientNames" DisplayName="Email Reply Recipient Names" StaticName="EmReplyRecipientNames" SourceID="http://schemas.microsoft.com/sharepoint/v3/fields" Type="Text" Group="OnePlace Solutions" Hidden="FALSE" ReadOnly="FALSE" Sealed="FALSE" ShowInEditForm="FALSE" ShowInNewForm="FALSE" UnlimitedLengthInDocumentLibrary="TRUE" />
        <Field ID="{77b9e388-5641-4546-a8b1-b3c1f10e2700}" Name="EmConversationID" DisplayName="Email Conversation ID" StaticName="EmConversationID" SourceID="http://schemas.microsoft.com/sharepoint/v3/fields" Type="Note" Group="OnePlace Solutions" Hidden="FALSE" ReadOnly="FALSE" Sealed="FALSE" ShowInEditForm="FALSE" ShowInNewForm="FALSE" />
        <Field ID="{0bab9391-c828-404b-bb2c-cbbe0a215e1c}" Name="EmCC" DisplayName="Email CC" StaticName="EmCC" SourceID="http://schemas.microsoft.com/sharepoint/v3/fields" Type="Note" Group="OnePlace Solutions" Hidden="FALSE" ReadOnly="FALSE" RichText="FALSE" ShowInEditForm="FALSE" ShowInNewForm="FALSE" UnlimitedLengthInDocumentLibrary="TRUE" />
        <Field ID="{83ee0c92-e42f-42f4-a37b-8d4e57ac5cab}" Name="EmSentOnBehalfOfName" DisplayName="Email Sent On Behalf Of Name" StaticName="EmSentOnBehalfOfName" SourceID="http://schemas.microsoft.com/sharepoint/v3/fields" Type="Text" Group="OnePlace Solutions" Hidden="FALSE" ReadOnly="FALSE" Sealed="FALSE" ShowInEditForm="FALSE" ShowInNewForm="FALSE" UnlimitedLengthInDocumentLibrary="TRUE" />
        <Field ID="{a2b5e49c-1a2f-4a8d-ba93-6be65fe9a593}" Name="EmAttachCount" DisplayName="Email Attachment Count" StaticName="EmAttachCount" SourceID="http://schemas.microsoft.com/sharepoint/v3/fields" Type="Text" Group="OnePlace Solutions" Hidden="FALSE" ReadOnly="FALSE" Sealed="FALSE" ShowInEditForm="FALSE" ShowInNewForm="FALSE" />
        <Field ID="{86eb2b9e-ea5b-41bd-bd0a-fabff7697066}" Name="EmSensitivity" DisplayName="Email Sensitivity" StaticName="EmSensitivity" SourceID="http://schemas.microsoft.com/sharepoint/v3/fields" Type="Number" Group="OnePlace Solutions" Hidden="FALSE" ReadOnly="FALSE" Sealed="FALSE" ShowInEditForm="FALSE" ShowInNewForm="FALSE" />
        <Field ID="{f206e7a7-e060-4c4e-b932-1ed1a6bca7c0}" Name="DocModifiedSaved" DisplayName="Document Modified Saved" StaticName="DocModifiedSaved" SourceID="http://schemas.microsoft.com/sharepoint/v3/fields" Type="DateTime" Format="DateTime" Group="OnePlace Solutions" Hidden="FALSE" ReadOnly="FALSE" Sealed="FALSE" ShowInEditForm="FALSE" ShowInNewForm="FALSE" />
        <Field ID="{9ac568c5-70fa-4cda-b04a-529ec757012d}" Name="EmConversationIndex" DisplayName="Email Conversation Index" StaticName="EmConversationIndex" SourceID="http://schemas.microsoft.com/sharepoint/v3/fields" Type="Note" Group="OnePlace Solutions" Hidden="FALSE" ReadOnly="FALSE" Sealed="FALSE" ShowInEditForm="FALSE" ShowInNewForm="FALSE" />
        <Field ID="{3a518cd1-bfe6-4541-826c-fe8f04cb4a1f}" Name="EmToAddress" DisplayName="Email To Address" StaticName="EmToAddress" SourceID="http://schemas.microsoft.com/sharepoint/v3/fields" Type="Note" Group="OnePlace Solutions" Hidden="FALSE" ReadOnly="FALSE" RichText="FALSE" ShowInEditForm="FALSE" ShowInNewForm="FALSE" UnlimitedLengthInDocumentLibrary="TRUE" />
        <Field ID="{7912c0d5-bd89-41fe-9741-9e9bac6d2d64}" Name="EmBCCSMTPAddress" DisplayName="Email BCC SMTP Address" StaticName="EmBCCSMTPAddress" SourceID="http://schemas.microsoft.com/sharepoint/v3/fields" Type="Note" Group="OnePlace Solutions" Hidden="FALSE" ReadOnly="FALSE" Sealed="FALSE" ShowInEditForm="FALSE" ShowInNewForm="FALSE" UnlimitedLengthInDocumentLibrary="TRUE" />
        <Field ID="{2592b0d8-8a28-4eca-80fb-b3658efa5c16}" Name="DocCreatedSaved" DisplayName="Document Created Saved" StaticName="DocCreatedSaved" SourceID="http://schemas.microsoft.com/sharepoint/v3/fields" Type="DateTime" Format="DateTime" Group="OnePlace Solutions" Hidden="FALSE" ReadOnly="FALSE" Sealed="FALSE" ShowInEditForm="FALSE" ShowInNewForm="FALSE" />
        <Field ID="{a6e37adc-a1d8-4bfe-9f13-427c9d8d1aad}" Name="EmToSMTPAddress" DisplayName="Email To SMTP Address" StaticName="EmToSMTPAddress" SourceID="http://schemas.microsoft.com/sharepoint/v3/fields" Type="Note" Group="OnePlace Solutions" Hidden="FALSE" ReadOnly="FALSE" Sealed="FALSE" ShowInEditForm="FALSE" ShowInNewForm="FALSE" UnlimitedLengthInDocumentLibrary="TRUE" />
        <Field ID="{86263edf-4e51-4ae7-9f3e-18bd8a4a4bfb}" Name="EmFromSMTPAddress" DisplayName="Email From SMTP Address" StaticName="EmFromSMTPAddress" SourceID="http://schemas.microsoft.com/sharepoint/v3/fields" Type="Text" Group="OnePlace Solutions" Hidden="FALSE" ReadOnly="FALSE" Sealed="FALSE" ShowInEditForm="FALSE" ShowInNewForm="FALSE" UnlimitedLengthInDocumentLibrary="TRUE" />
        <Field ID="{2a6fffe2-9edc-42bd-b46e-45a372ac5119}" Name="EmDateReceived" DisplayName="Email Date Received" StaticName="EmDateReceived" SourceID="http://schemas.microsoft.com/sharepoint/v3/fields" Type="DateTime" Format="DateTime" Group="OnePlace Solutions" Hidden="FALSE" ReadOnly="FALSE" Sealed="FALSE" ShowInEditForm="FALSE" ShowInNewForm="FALSE" />
        <Field ID="{4eda9afe-2a19-45ea-bd17-ae73911951c4}" Name="EmReceivedOnBehalfOfName" DisplayName="Email Received On Behalf Of Name" StaticName="EmReceivedOnBehalfOfName" SourceID="http://schemas.microsoft.com/sharepoint/v3/fields" Type="Text" Group="OnePlace Solutions" Hidden="FALSE" ReadOnly="FALSE" Sealed="FALSE" ShowInEditForm="FALSE" ShowInNewForm="FALSE" UnlimitedLengthInDocumentLibrary="TRUE" />
      </pnp:SiteFields>  
     
    </pnp:ProvisioningTemplate>
  </pnp:Templates>
</pnp:Provisioning>